,tempo_entrega,atraso_entrega
Média,12.09358186209971,-11.875576657923927
Mediana,10.0,-12.0
